Epoch,Phase,Loss,Mean_Dice,Throughput_Img_Sec,Disk_Read_Sec,Disk_Read_Mean_Sec,Disk_Read_Max_Sec,Transform_Sec,DataLoader_Wait_Sec,GPU_Compute_Sec,GPU_Idle_Starvation_Sec,Total_GPU_Compute_Sec,Total_GPU_Idle_Sec,RAM_GB,Peak_RAM_GB,VRAM_GB,Peak_VRAM,GPU_Busy_Ratio_All,GPU_Busy_Ratio_NoWarmup,Epoch_Time_Sec,Total_GPU_Starvation_Sec,Slow_Sample_Ratio,Mean_Batch_Assembly_Ms
1,Train,0.6717965100940905,0.0,2.56901360248803,,,,,0.017606468611019308,0.743907246907552,0.017274938246783084,14.391339630126954,0.3191783447265625,1.3201111111111112,1.321,0.3,4.576031232,0.978302712027396,0.9767184696667466,14.791669441998238,0.3191783447265625,,17.444833333333335
1,Validation,0.5247076938791972,0.0,0.1289604035647219,,,,,0.0004639472249436949,7.783113940429689,0.0005699368990384616,317.562639831543,0.0229912109375,2.5167,3.06,0.7956,4.044225536,0.9999276062620905,0.9999261557991254,317.9270447880008,0.0229912109375,,
2,Train,0.5913783970632052,0.0,2.5854203373132885,,,,,0.014756722444467919,0.7571385667588977,0.014734410903033087,14.39557618713379,0.26769610595703125,2.7056666666666667,2.711,0.3,4.576285184,0.9817437676525201,0.980736007493342,14.69780346799962,0.26769610595703125,,14.604222222222225
2,Validation,0.5183597148918524,0.0,0.12822896783353785,,,,,0.0004528228750132257,7.827750537109376,0.0005565154246794873,319.3999328918457,0.0222451171875,2.7536250000000004,2.756,0.7956,4.043701248,0.9999303582571313,0.9999289593582006,319.7405445330005,0.0222451171875,,
3,Train,0.5913541097390024,0.0,2.5692188677226904,,,,,0.018066721555543255,0.7602460428873697,0.018310984892003678,14.445202173233032,0.3278035888671875,2.752444444444444,2.763,0.3,4.576285184,0.9778106369044979,0.9766058983018792,14.790487676000339,0.3278035888671875,,17.673666666666666
3,Validation,0.5340844378238772,0.0,0.12721035240899264,,,,,0.00043205794995628823,7.890557824707031,0.0005363832131410257,321.9664387512207,0.02135009765625,2.7441000000000004,2.749,0.7956,4.043701248,0.9999336928343383,0.9999323601258219,322.30081297299876,0.02135009765625,,
4,Train,0.5672112075906051,0.0,2.5508879712521275,,,,,0.01697603683330979,0.7669988911946615,0.01704603486902574,14.568683782577514,0.30776788330078125,2.748666666666667,2.77,0.3,4.576285184,0.9793117411185692,0.9781937522945351,14.89677336999921,0.30776788330078125,,16.609722222222224
4,Validation,0.5136845031889473,0.0,0.1267099605671259,,,,,0.00044687722493108595,7.921427795410156,0.0005427183493589745,323.23418377685545,0.0218779296875,2.749,2.749,0.7956,4.043701248,0.9999323201255005,0.9999309580931667,323.573615022,0.0218779296875,,
5,Train,0.5696027561237937,0.0,2.555291987333594,,,,,0.016597568722217047,0.766152618408203,0.01654715504365809,14.55260279083252,0.30103570556640624,2.7483333333333335,2.77,0.3,4.576285184,0.9797332010174216,0.9786375003751953,14.871098953999535,0.30103570556640624,,16.074055555555557
5,Validation,0.5206752099641939,0.0,0.12656362197038476,,,,,0.00042823955009225757,7.930705700683594,0.0005304236778846154,323.6146514892578,0.0213251953125,2.749,2.749,0.7956,4.043701248,0.9999341074637902,0.9999327810075825,323.94774550299917,0.0213251953125,,
