Epoch,Phase,Loss,Mean_Dice,Throughput_Img_Sec,Disk_Read_Sec,Disk_Read_Mean_Sec,Disk_Read_Max_Sec,Transform_Sec,DataLoader_Wait_Sec,GPU_Compute_Sec,GPU_Idle_Starvation_Sec,Total_GPU_Compute_Sec,Total_GPU_Idle_Sec,RAM_GB,Peak_RAM_GB,VRAM_GB,Peak_VRAM,GPU_Busy_Ratio_All,GPU_Busy_Ratio_NoWarmup,Epoch_Time_Sec,Total_GPU_Starvation_Sec
1,Train,0.6517156142937509,0.0,2.452603864050973,3.0108328953954497e-06,1.5054164476977248e-06,2.115777432562835e-06,0.616871561556056,0.000263590943985845,0.7557641398111979,0.00034044692095588236,14.81979443359375,0.0063182373046875,1.485,1.485,0.33,4.606325248,0.999573843970774,0.9995357675584156,15.493737311999212,0.0063182373046875
1,Validation,0.5291436983317863,0.0,0.12609717790323233,0.17020850292501563,0.17020850292501563,0.17020850292501563,4.461000116862124e-07,0.012528839275000791,7.905287231445312,0.01238854667467949,323.6885463256836,0.5078779296875,3.96875,4.74,1.014575,4.46160128,0.998433425257993,0.9983964418273581,325.1460554610003,0.5078779296875
2,Train,0.5952227962644476,0.0,2.475334183377297,6.748722525015991e-06,3.3743612625079954e-06,5.885333141324938e-06,0.5258925106108008,0.00027501455527575064,0.7647605929904514,0.00035821174172794126,14.55114208984375,0.0064290771484375,4.996333333333334,4.999,0.33,4.605530624,0.9995583688326377,0.9995331817276726,15.351462544000242,0.0064290771484375
2,Validation,0.5141684790936912,0.0,0.12597695294349617,0.16475437347498884,0.16475437347498884,0.16475437347498884,4.208753125567455e-07,0.011527356925034838,7.925502941894531,0.011391751802884617,323.41097497558593,0.46785498046875,4.738975000000001,4.84,1.014575,4.46160128,0.9985554629163869,0.9985263851838088,325.4563556430003,0.46785498046875
3,Train,0.5752508953997963,0.0,2.519707089324021,3.3792774855909456e-06,1.6896387427954728e-06,2.439832921178701e-06,0.6094388205555232,0.00024071083316812292,0.7603710869683159,0.00030375402113970586,14.467033630371095,0.005694091796875,4.846444444444444,4.889,0.33,4.605530624,0.9996065640212278,0.9995841413666162,15.081118023997988,0.005694091796875
3,Validation,0.5302962370035125,0.0,0.12677114584720994,0.16360437102539435,0.16360437102539435,0.16360437102539435,4.300498403608799e-07,0.011527313374972436,7.898214526367187,0.011492838541666665,322.2567845458984,0.4685029296875,4.309,4.847,1.014575,4.46160128,0.9985482918510905,0.9985192564868562,323.4174442930016,0.4685029296875
4,Train,0.5769293088661996,0.0,2.4972473611225694,3.1177777499477897e-06,1.5588888749738949e-06,2.172110827005882e-06,0.5784903918330302,0.00022032233371444617,0.7597838541666667,0.0002759076286764705,14.456403747558594,0.005153076171875,4.335,4.403,0.33,4.605530624,0.9996436707171513,0.9996233479044593,15.2167544920012,0.005153076171875
4,Validation,0.5262106526188735,0.0,0.12689001921860527,0.16541761329999644,0.16541761329999644,0.16541761329999644,4.502503543335479e-07,0.011568192974664271,7.8920659179687505,0.011525941506410259,321.99783203125,0.46964111328125,4.3383,4.383,1.014575,4.46160128,0.9985436015958399,0.9985145097909724,323.11445969099805,0.46964111328125
5,Train,0.5807564415429768,0.0,2.531930999042873,3.757888811782727e-06,1.8789444058913634e-06,2.8183328847969988e-06,0.46092189611125733,0.0002141684449775817,0.7593277926974826,0.0002655819163602941,14.453373291015625,0.0049842529296875,4.384611111111111,4.385,0.33,4.605530624,0.9996552683861539,0.999635464417047,15.008307894000609,0.0049842529296875
5,Validation,0.5257981521327321,0.0,0.12686335012124803,0.16612662135030404,0.16612662135030404,0.16612662135030404,4.68900179839693e-07,0.011631238750123885,7.892322387695313,0.011601111778846153,322.00865380859375,0.4726767578125,4.329300000000001,4.385,1.014575,4.46160128,0.9985342507828832,0.9985049708150532,323.1823845170002,0.4726767578125
